temperature,humidity,soil,rain,risk_level
30.18,89.18,2651,2.72,MEDIUM
28.98,66.82,2794,1.26,LOW
30.11,81.73,2919,7.45,MEDIUM
31.51,92.52,3942,0.47,MEDIUM
26.14,75.97,2108,2.26,LOW
33.71,77.64,3322,1.13,MEDIUM
28.99,88.92,1393,5.84,LOW
28.69,75.61,3111,0.57,LOW
27.7,68.45,2666,2.97,LOW
32.05,92.01,2955,5.46,MEDIUM
31.48,60.42,3355,0.82,LOW
32.74,92.29,4095,0.78,MEDIUM
31.96,85.65,3413,2.72,MEDIUM
30.58,70.61,1925,8.92,MEDIUM
30.72,74.15,1658,9.3,MEDIUM
32.06,60.46,3162,4.41,MEDIUM
28.07,79.22,2740,0.99,LOW
29.9,87.57,2799,0.11,MEDIUM
30.84,77.23,1653,3.69,LOW
29.0,63.44,2329,2.22,LOW
31.59,78.44,2340,0.89,LOW
29.23,83.94,1410,3.13,LOW
31.48,80.11,2888,3.74,MEDIUM
30.31,71.87,2703,2.04,LOW
31.02,62.84,1103,0.81,LOW
26.66,86.48,2341,1.15,LOW
28.11,79.56,3920,9.37,HIGH
32.96,73.39,3483,2.03,MEDIUM
30.39,86.48,3105,6.31,MEDIUM
29.82,86.61,3587,1.01,MEDIUM
32.12,68.28,2075,3.85,LOW
31.65,85.96,3964,0.7,MEDIUM
29.9,97.09,3210,3.08,MEDIUM
28.59,92.71,3205,1.19,MEDIUM
34.31,78.05,1711,2.9,LOW
31.52,68.04,1928,7.13,MEDIUM
26.54,77.59,3152,3.47,MEDIUM
31.85,98.0,3208,4.44,MEDIUM
31.69,94.14,3421,5.65,HIGH
31.79,63.54,3578,3.04,MEDIUM
29.11,98.0,2270,0.84,MEDIUM
33.24,73.65,2585,7.45,MEDIUM
28.35,83.42,3792,1.98,MEDIUM
32.66,74.2,3062,2.45,MEDIUM
30.64,75.38,3691,0.82,MEDIUM
33.73,82.31,3308,6.46,MEDIUM
29.15,80.94,3439,1.19,MEDIUM
31.53,68.47,3156,1.8,MEDIUM
31.86,79.92,3386,0.84,MEDIUM
29.29,73.54,2919,1.9,LOW
30.02,77.41,2839,5.09,MEDIUM
29.09,78.2,3735,0.46,MEDIUM
31.05,69.98,3810,0.03,MEDIUM
31.51,77.9,3250,2.26,MEDIUM
29.36,90.42,2026,5.52,MEDIUM
30.76,84.02,1991,4.01,MEDIUM
28.72,73.07,2743,2.78,LOW
28.85,78.89,2669,12.01,MEDIUM
25.77,78.65,2190,2.0,LOW
27.42,78.15,1051,7.8,LOW
28.52,68.58,4067,1.25,MEDIUM
30.24,77.59,775,0.68,LOW
33.34,82.65,3397,0.16,MEDIUM
30.59,70.94,3257,0.17,LOW
30.2,60.56,3498,0.7,LOW
30.77,88.63,1193,3.49,LOW
26.92,83.65,3425,1.98,MEDIUM
30.11,90.18,2133,0.72,LOW
28.09,97.33,1392,0.17,LOW
28.74,95.22,1717,1.7,LOW
34.48,80.3,3019,1.93,MEDIUM
34.06,86.01,2352,3.44,MEDIUM
32.15,77.8,2555,0.38,LOW
31.19,81.84,1516,0.43,LOW
31.11,83.06,2500,8.03,MEDIUM
27.88,85.77,1507,1.6,LOW
27.24,76.89,2722,1.04,LOW
30.74,85.18,1200,1.03,LOW
29.02,72.87,3339,3.66,MEDIUM
28.29,66.28,2400,0.18,LOW
29.82,78.21,2329,0.19,LOW
29.84,88.27,2303,0.78,LOW
30.42,72.99,2196,1.33,LOW
28.37,70.05,2589,1.54,LOW
30.04,93.59,2409,0.93,MEDIUM
27.27,75.17,3578,3.7,MEDIUM
32.7,78.16,1435,5.15,LOW
33.34,88.24,3167,3.55,MEDIUM
27.57,81.85,1445,5.86,LOW
30.94,93.27,2455,3.33,MEDIUM
29.51,78.41,2850,1.0,LOW
30.25,76.27,2274,0.75,LOW
30.14,87.66,2501,1.11,MEDIUM
32.62,90.68,1812,3.68,MEDIUM
31.22,77.5,2136,10.98,MEDIUM
28.09,65.47,2303,2.72,LOW
30.18,71.79,2753,4.61,MEDIUM
29.96,66.89,2094,3.11,LOW
28.24,75.94,2850,3.24,MEDIUM
30.45,79.43,1348,1.29,LOW
29.95,73.68,2383,1.8,LOW
32.99,92.05,3096,0.96,MEDIUM
29.59,77.46,2398,3.38,LOW
30.97,89.66,2754,2.69,MEDIUM
25.05,74.02,2792,2.32,LOW
26.31,77.13,2665,1.19,LOW
30.72,90.93,1644,0.13,LOW
30.28,68.75,2222,0.29,LOW
32.0,64.34,2761,8.96,MEDIUM
27.47,69.81,3001,1.05,LOW
29.37,83.5,2192,1.1,LOW
24.52,71.18,3037,4.78,LOW
28.16,78.67,1354,5.98,LOW
29.05,88.52,4095,7.8,HIGH
29.79,82.36,2660,2.52,MEDIUM
28.78,74.5,1955,0.89,LOW
32.1,95.01,2915,4.6,MEDIUM
26.81,90.3,1123,2.04,LOW
27.18,91.13,1547,1.74,LOW
31.01,82.29,3034,1.82,MEDIUM
29.17,82.81,2779,6.42,MEDIUM
32.94,75.41,2998,0.21,MEDIUM
31.52,87.26,2567,7.49,MEDIUM
30.73,86.54,2681,0.83,MEDIUM
26.23,82.36,3534,1.38,MEDIUM
28.64,71.22,1060,0.97,LOW
30.59,83.76,2947,2.22,MEDIUM
28.58,69.55,2782,1.1,LOW
30.62,81.34,2417,2.12,LOW
30.66,70.53,2184,1.88,LOW
28.17,65.81,3091,7.83,MEDIUM
27.55,84.1,3825,0.44,MEDIUM
32.13,71.98,2901,3.34,MEDIUM
30.11,66.17,2633,1.06,LOW
30.12,79.55,3433,3.52,MEDIUM
32.12,90.86,2651,2.51,MEDIUM
33.81,82.96,4095,4.47,HIGH
24.0,83.6,2519,1.17,LOW
33.2,70.56,3681,4.0,MEDIUM
32.2,82.8,2066,2.25,LOW
29.35,68.46,2289,0.98,LOW
32.6,66.51,2089,8.69,MEDIUM
29.82,92.81,2474,4.36,MEDIUM
33.51,83.99,2612,6.91,MEDIUM
32.51,89.47,2847,3.26,MEDIUM
30.91,98.0,2373,0.77,MEDIUM
28.63,70.81,3302,1.91,MEDIUM
30.19,74.43,3890,1.16,MEDIUM
28.07,67.62,2753,1.74,LOW
28.46,96.57,2164,0.34,LOW
30.4,83.48,3251,2.82,MEDIUM
29.72,83.91,2845,6.41,MEDIUM
28.53,79.8,2572,3.41,MEDIUM
33.63,77.42,3481,2.52,MEDIUM
28.78,62.43,2964,2.95,LOW
29.94,73.11,3758,9.73,HIGH
29.99,80.87,2343,0.43,LOW
25.18,78.75,1815,4.1,LOW
35.76,91.1,1238,1.14,LOW
28.73,89.47,3769,1.8,MEDIUM
31.62,74.08,2265,0.52,LOW
25.27,78.05,2008,1.93,LOW
29.63,86.67,3748,5.42,MEDIUM
26.39,76.73,3078,2.49,LOW
28.88,90.82,2088,2.1,LOW
32.78,82.27,2401,1.05,MEDIUM
31.72,89.96,1541,1.46,LOW
31.36,88.29,2149,2.62,MEDIUM
31.1,77.51,2149,3.05,LOW
26.14,64.12,2436,0.98,LOW
27.49,86.26,2842,0.54,LOW
31.2,97.48,2113,0.13,MEDIUM
32.99,88.48,3221,0.6,MEDIUM
31.0,83.9,3361,0.23,MEDIUM
31.25,88.12,1844,3.36,MEDIUM
31.2,92.82,1231,3.53,LOW
31.54,63.96,2324,0.43,LOW
31.06,84.28,1380,3.58,LOW
27.57,85.05,861,2.6,LOW
32.14,87.28,2617,0.83,MEDIUM
28.02,83.09,2540,0.26,LOW
26.77,66.94,1984,2.61,LOW
30.28,75.51,2389,0.98,LOW
27.07,84.42,1835,4.86,LOW
27.62,79.94,2734,1.61,LOW
30.22,74.99,912,1.81,LOW
28.19,82.98,2638,0.7,LOW
28.04,82.46,1962,1.91,LOW
31.0,86.44,1958,0.8,LOW
32.44,85.26,2401,3.76,MEDIUM
31.61,82.51,1363,4.01,LOW
31.98,74.25,2265,0.38,LOW
26.74,62.51,2745,6.11,LOW
31.44,90.18,2591,1.03,MEDIUM
29.97,98.0,2026,0.68,LOW
28.42,89.73,2941,1.11,MEDIUM
29.34,93.9,551,7.25,LOW
29.16,72.24,2641,3.78,LOW
27.69,73.43,3685,3.03,MEDIUM
25.71,83.16,1253,2.78,LOW
30.81,80.61,2809,1.41,MEDIUM
30.56,84.59,1170,2.14,LOW
32.93,65.61,3505,4.38,MEDIUM
32.51,73.35,2164,1.15,LOW
30.41,94.86,3543,6.5,HIGH
31.87,98.0,3522,4.92,HIGH
33.39,81.86,3187,4.66,MEDIUM
28.47,70.43,1591,4.28,LOW
29.42,79.64,2821,5.13,MEDIUM
30.59,75.53,2268,2.3,LOW
27.01,69.43,2143,1.04,LOW
27.61,71.84,2091,2.61,LOW
31.45,72.11,1862,3.49,LOW
29.05,69.09,2370,1.96,LOW
31.0,85.0,2420,5.67,MEDIUM
29.75,60.16,3428,1.21,LOW
32.72,93.83,2768,1.03,MEDIUM
30.6,98.0,3034,11.62,HIGH
30.29,87.08,1651,1.77,LOW
29.39,98.0,3490,6.71,HIGH
27.75,75.11,2524,4.23,LOW
26.59,79.96,2874,2.85,MEDIUM
35.87,89.91,1838,2.77,MEDIUM
30.69,68.65,3528,0.82,MEDIUM
32.27,72.03,3642,1.72,MEDIUM
28.05,84.21,1514,4.07,LOW
31.03,67.51,2819,0.14,LOW
30.84,80.7,2460,2.37,MEDIUM
28.1,76.99,2542,5.34,MEDIUM
34.44,82.38,1266,1.29,LOW
33.28,96.62,1690,4.39,MEDIUM
29.65,72.37,3819,0.87,MEDIUM
32.46,91.77,2614,2.45,MEDIUM
32.61,78.81,4095,0.93,MEDIUM
31.3,94.38,3002,3.12,MEDIUM
31.19,86.65,2379,0.66,LOW
30.32,81.48,2243,6.27,MEDIUM
30.02,79.87,2681,0.43,LOW
26.84,79.08,3019,2.03,LOW
29.06,85.78,2590,1.1,LOW
31.03,77.02,2905,3.26,MEDIUM
29.46,85.1,3226,5.57,MEDIUM
32.43,85.05,1504,0.37,LOW
30.22,74.76,2054,2.61,LOW
28.16,77.02,2046,6.19,LOW
27.25,86.51,2492,5.42,MEDIUM
27.96,81.35,3648,3.97,MEDIUM
29.92,75.18,2181,1.63,LOW
29.53,79.61,2896,0.28,LOW
24.02,90.0,3594,1.96,MEDIUM
31.19,72.95,1009,0.22,LOW
33.5,71.08,2045,8.13,MEDIUM
28.47,81.49,2857,0.95,LOW
31.02,80.09,2450,7.59,MEDIUM
28.3,83.94,2276,0.18,LOW
32.86,83.76,1910,10.35,MEDIUM
28.25,73.85,2305,2.9,LOW
29.61,80.25,2139,4.74,MEDIUM
33.17,63.49,2449,1.27,LOW
32.06,82.18,2505,2.62,MEDIUM
29.31,76.69,3110,1.38,MEDIUM
32.72,94.29,2673,1.13,MEDIUM
31.41,85.32,3256,0.7,MEDIUM
32.34,68.23,2119,1.18,LOW
33.38,81.71,3386,0.86,MEDIUM
33.59,84.75,2547,3.38,MEDIUM
28.05,88.13,3693,1.01,MEDIUM
28.17,68.79,2913,0.48,LOW
31.16,73.19,2306,1.42,LOW
29.34,88.67,2537,1.46,MEDIUM
24.0,70.81,4095,6.52,MEDIUM
32.15,80.65,1254,7.46,MEDIUM
27.22,78.89,2221,4.45,LOW
29.35,83.38,2646,4.91,MEDIUM
28.5,70.71,3321,5.39,MEDIUM
29.23,77.26,2783,0.45,LOW
31.37,68.2,2529,1.69,LOW
26.02,63.24,1891,3.71,LOW
29.31,88.45,2253,7.48,MEDIUM
26.62,79.86,4005,1.46,MEDIUM
29.26,84.2,1299,5.23,LOW
30.58,87.43,1674,2.13,LOW
32.13,88.96,1579,1.0,LOW
29.47,75.57,2323,1.29,LOW
35.46,73.92,2732,1.12,MEDIUM
32.05,66.18,3169,0.55,LOW
32.72,84.35,2201,3.06,MEDIUM
31.63,66.43,1036,2.27,LOW
29.43,95.29,1360,7.32,MEDIUM
28.95,76.41,2308,2.01,LOW
27.99,88.88,882,2.61,LOW
30.07,91.83,2943,7.63,MEDIUM
24.0,77.81,1979,1.06,LOW
28.93,80.29,1319,1.71,LOW
29.93,68.09,2292,2.94,LOW
26.93,82.77,2525,1.74,LOW
27.64,73.63,2771,1.5,LOW
30.89,81.13,3607,2.08,MEDIUM
31.33,81.33,3483,4.64,MEDIUM
30.68,73.34,1802,4.45,LOW
25.0,81.58,2316,1.59,LOW
34.09,73.57,1484,3.56,LOW
29.49,75.29,3084,5.01,MEDIUM
36.0,74.96,2397,1.03,MEDIUM
29.9,74.33,2629,1.48,LOW
31.18,77.53,2682,3.74,MEDIUM
29.01,93.91,2672,1.75,MEDIUM
31.4,93.22,1038,0.27,LOW
33.78,79.19,2975,1.33,MEDIUM
31.07,81.34,2708,1.78,MEDIUM
32.23,86.99,2798,3.31,MEDIUM
31.47,75.3,3388,0.37,MEDIUM
26.35,72.44,1904,0.48,LOW
31.4,75.38,803,1.95,LOW
28.49,79.53,2704,1.27,LOW
31.09,74.94,1868,2.4,LOW
27.83,86.71,2140,2.34,LOW
32.96,88.1,2394,4.46,MEDIUM
28.79,92.62,2580,6.57,MEDIUM
34.62,78.11,2894,2.17,MEDIUM
29.23,80.73,2533,4.13,MEDIUM
31.92,95.79,1748,2.58,MEDIUM
27.12,74.04,3494,6.57,MEDIUM
30.41,82.35,2605,4.9,MEDIUM
28.37,90.01,2064,0.5,LOW
31.31,70.53,2350,0.15,LOW
33.23,80.2,3184,4.55,MEDIUM
32.48,86.76,2079,3.01,MEDIUM
28.66,70.6,1380,0.45,LOW
27.39,82.16,3382,16.93,HIGH
29.21,84.52,2222,0.25,LOW
27.68,91.87,2471,6.99,MEDIUM
32.29,76.11,1745,4.03,LOW
30.76,91.56,1523,1.21,LOW
31.29,98.0,1989,3.02,MEDIUM
26.82,69.9,1875,3.77,LOW
27.85,76.25,3226,0.58,LOW
27.87,74.98,2353,1.66,LOW
30.71,71.92,3325,4.17,MEDIUM
30.78,85.81,3485,7.15,MEDIUM
25.13,79.87,2342,13.98,MEDIUM
32.78,89.78,500,1.26,LOW
34.28,68.45,2181,5.62,MEDIUM
26.02,98.0,2961,6.6,MEDIUM
28.04,59.54,2000,1.27,LOW
31.65,73.06,3413,0.95,MEDIUM
28.3,91.14,2779,0.55,MEDIUM
29.18,81.99,2921,6.11,MEDIUM
29.54,78.31,2755,2.59,MEDIUM
25.98,64.29,561,0.23,LOW
28.74,80.2,1542,3.39,LOW
27.27,79.49,3332,1.06,MEDIUM
29.16,79.57,3674,0.42,MEDIUM
30.0,81.11,1726,2.85,LOW
30.58,75.25,2793,6.79,MEDIUM
30.17,90.39,2897,2.34,MEDIUM
28.35,82.3,2240,4.7,MEDIUM
30.44,79.05,1895,3.03,LOW
34.45,71.81,1757,2.06,LOW
28.08,97.97,2568,4.32,MEDIUM
24.0,67.98,2438,6.27,LOW
27.58,85.31,3372,2.33,MEDIUM
27.27,87.04,3345,4.65,MEDIUM
26.06,79.58,2849,0.42,LOW
28.7,88.92,2370,2.45,MEDIUM
28.05,69.29,1338,2.06,LOW
29.8,74.39,2535,2.06,LOW
31.04,75.75,2956,1.91,MEDIUM
35.32,89.21,2531,1.48,MEDIUM
31.39,67.11,2134,3.87,LOW
29.81,73.51,2984,2.88,MEDIUM
25.54,74.73,3001,1.86,LOW
26.59,81.6,3849,6.95,MEDIUM
27.31,85.36,2747,10.26,MEDIUM
29.21,83.57,2452,5.46,MEDIUM
25.57,90.26,1893,3.4,LOW
30.36,80.32,2196,6.15,MEDIUM
32.93,74.61,946,0.98,LOW
31.09,86.97,3228,1.7,MEDIUM
32.92,80.17,2606,4.44,MEDIUM
29.38,79.7,2945,4.07,MEDIUM
31.11,78.81,1634,1.56,LOW
30.17,85.6,1974,2.7,LOW
31.49,79.88,2551,2.56,MEDIUM
32.03,59.52,2540,4.15,LOW
27.35,68.41,2190,2.25,LOW
26.75,69.54,965,6.99,LOW
27.65,75.49,2016,9.82,MEDIUM
32.26,91.4,1995,3.65,MEDIUM
31.14,78.25,1798,4.77,LOW
32.23,71.16,2667,2.76,MEDIUM
28.04,55.52,3019,1.84,LOW
30.2,75.25,1802,3.97,LOW
31.09,77.83,1307,8.32,MEDIUM
25.79,69.05,2123,8.01,LOW
29.09,82.79,2713,0.41,LOW
30.72,84.0,3020,1.92,MEDIUM
30.52,66.76,3528,4.42,MEDIUM
28.32,78.27,2338,9.61,MEDIUM
29.55,90.54,1494,2.94,LOW
31.56,93.21,3120,10.11,HIGH
31.16,68.45,2521,4.1,LOW
31.64,80.65,2712,3.33,MEDIUM
30.91,83.19,2362,4.59,MEDIUM
29.8,72.47,880,2.24,LOW
31.16,67.09,2886,1.71,LOW
29.59,84.05,1961,1.38,LOW
26.12,74.33,1540,1.86,LOW
30.6,74.71,2836,8.22,MEDIUM
26.88,82.54,2614,1.22,LOW
27.42,88.38,3110,2.89,MEDIUM
28.88,72.65,2585,1.05,LOW
31.73,82.92,1450,1.65,LOW
29.62,64.07,3539,3.42,MEDIUM
34.87,81.53,3377,1.41,MEDIUM
31.71,70.02,1995,0.4,LOW
30.25,91.16,2962,0.6,MEDIUM
25.64,83.93,2829,2.8,MEDIUM
31.78,83.52,871,1.74,LOW
31.21,83.67,2730,0.79,MEDIUM
31.1,84.49,2669,0.89,MEDIUM
30.35,73.11,1545,0.23,LOW
29.34,77.89,2804,5.29,MEDIUM
31.09,90.99,2744,3.19,MEDIUM
28.04,80.18,2176,1.47,LOW
27.4,82.62,783,9.46,LOW
32.4,77.73,3497,3.43,MEDIUM
28.73,85.26,2460,8.6,MEDIUM
28.88,84.62,3179,1.25,MEDIUM
30.84,79.07,2283,2.42,LOW
33.9,98.0,3405,5.15,HIGH
34.2,80.97,2444,1.37,MEDIUM
31.92,92.64,1915,3.2,MEDIUM
26.02,82.33,1893,8.04,MEDIUM
32.93,83.65,2837,0.87,MEDIUM
33.76,75.83,3999,3.19,MEDIUM
30.28,70.93,2102,1.29,LOW
31.67,77.36,2629,0.1,LOW
27.75,71.25,2907,0.62,LOW
28.52,64.56,1768,6.24,LOW
29.79,87.65,2753,5.18,MEDIUM
29.96,63.97,3648,2.72,MEDIUM
29.86,70.13,2426,0.98,LOW
30.85,76.76,1649,1.04,LOW
29.67,98.0,1990,0.41,LOW
33.05,67.46,2221,0.82,LOW
26.41,81.52,1859,1.67,LOW
32.98,74.65,2179,2.29,LOW
32.39,75.94,2758,3.17,MEDIUM
30.05,88.37,1120,4.07,LOW
29.44,78.68,2300,2.03,LOW
31.56,82.37,2783,4.59,MEDIUM
28.96,71.39,2955,1.79,LOW
31.38,76.92,1868,0.66,LOW
30.51,89.12,2135,0.6,LOW
28.14,67.48,2841,2.41,LOW
33.34,79.77,2062,1.95,LOW
31.83,67.9,3616,3.3,MEDIUM
30.68,88.24,2675,1.03,MEDIUM
33.96,70.76,2206,0.42,LOW
33.21,75.81,1108,10.07,MEDIUM
29.62,92.11,1834,4.09,MEDIUM
30.37,89.06,1832,6.25,MEDIUM
30.51,86.94,1814,2.35,LOW
31.3,76.52,2334,2.21,LOW
32.0,82.79,2612,0.87,MEDIUM
30.9,83.57,676,2.7,LOW
30.39,92.43,2609,1.05,MEDIUM
27.08,92.67,3688,2.09,MEDIUM
29.38,75.75,1994,3.55,LOW
29.15,68.14,2923,5.89,MEDIUM
29.7,81.61,2452,0.83,LOW
28.46,83.94,2001,2.24,LOW
29.19,70.1,2904,2.75,LOW
27.61,73.53,2683,1.12,LOW
30.09,87.57,3227,0.95,MEDIUM
27.39,85.11,2547,7.97,MEDIUM
33.58,83.27,2466,0.94,MEDIUM
29.2,85.36,2362,2.92,MEDIUM
33.14,77.77,3275,1.23,MEDIUM
29.79,71.37,1874,2.45,LOW
30.25,71.32,2715,5.71,MEDIUM
33.29,81.33,1867,3.14,LOW
29.65,95.28,2553,4.22,MEDIUM
34.07,80.34,2041,8.81,MEDIUM
28.43,85.6,2560,0.85,LOW
31.11,98.0,2635,1.02,MEDIUM
31.43,86.06,3110,3.3,MEDIUM
30.3,93.34,1948,5.65,MEDIUM
28.81,87.46,2989,6.09,MEDIUM
33.22,80.42,2610,1.36,MEDIUM
29.24,73.52,2430,0.82,LOW
30.21,82.35,2850,9.85,MEDIUM
26.9,98.0,3017,6.5,MEDIUM
29.93,78.32,2546,3.24,MEDIUM
26.32,68.05,3988,2.56,MEDIUM
32.67,78.4,2422,2.06,MEDIUM
31.31,73.23,3632,5.54,MEDIUM
33.18,77.71,2292,0.41,LOW
29.91,87.89,1808,4.15,LOW
32.43,78.22,2211,1.99,LOW
33.28,73.89,3101,0.36,MEDIUM
27.9,85.61,3868,0.72,MEDIUM
28.81,75.3,2034,2.14,LOW
28.23,85.88,3011,3.52,MEDIUM
31.83,67.0,1610,0.85,LOW
32.41,89.04,3361,0.56,MEDIUM
31.28,71.67,3410,2.93,MEDIUM
27.72,81.46,2466,2.76,LOW
29.86,86.65,3125,6.68,MEDIUM
29.52,72.12,2520,3.14,LOW
27.49,90.94,2173,3.49,MEDIUM
32.56,73.79,2705,2.93,MEDIUM
34.61,87.01,2073,1.02,MEDIUM
33.8,78.53,2886,1.82,MEDIUM
28.7,90.03,3691,1.1,MEDIUM
32.71,85.95,2337,3.15,MEDIUM
25.9,77.23,2493,2.23,LOW
27.33,90.48,3020,1.91,MEDIUM
31.22,77.99,2606,1.05,LOW
28.27,91.14,1751,0.07,LOW
29.34,64.18,1495,6.31,LOW
33.81,73.18,1948,1.29,LOW
29.59,80.57,2803,6.14,MEDIUM
31.39,63.24,2650,2.11,LOW
29.64,74.95,683,0.85,LOW
31.43,60.91,2249,1.96,LOW
32.03,69.95,1891,5.61,LOW
29.53,75.91,3058,3.39,MEDIUM
28.18,95.27,3033,5.48,MEDIUM
31.39,84.89,1747,1.59,LOW
27.42,86.54,3460,6.23,MEDIUM
32.25,50.0,2945,2.06,LOW
30.68,83.69,1487,4.22,LOW
31.55,79.51,3515,4.39,MEDIUM
26.57,90.51,3452,1.42,MEDIUM
33.28,69.97,1487,4.82,LOW
29.04,92.99,1331,5.37,LOW
29.1,90.64,3417,0.32,MEDIUM
26.08,66.08,2774,4.16,LOW
29.05,86.82,3139,1.09,MEDIUM
27.76,89.26,2179,0.52,LOW
32.21,76.31,2315,0.8,LOW
29.28,74.81,3210,3.81,MEDIUM
28.48,86.28,1924,1.9,LOW
32.59,82.74,886,0.3,LOW
26.83,78.04,1641,4.96,LOW
27.37,95.68,2286,1.63,LOW
28.45,86.13,2977,1.24,MEDIUM
32.42,80.36,2627,5.15,MEDIUM
28.38,84.68,2165,4.36,MEDIUM
29.83,75.31,3559,0.47,MEDIUM
28.57,69.09,3351,3.3,MEDIUM
27.42,80.48,2406,0.3,LOW
29.31,90.01,3318,4.72,MEDIUM
30.37,63.11,1481,8.94,LOW
26.92,50.0,1970,0.2,LOW
29.91,87.66,2803,0.94,MEDIUM
24.76,98.0,1959,1.69,LOW
27.71,79.84,3695,0.66,MEDIUM
31.79,86.94,2485,0.21,LOW
29.39,85.22,2610,7.92,MEDIUM
31.29,94.65,2844,0.37,MEDIUM
32.34,85.12,2334,2.58,MEDIUM
31.36,72.39,3930,6.83,MEDIUM
30.67,70.43,3341,0.09,LOW
31.45,80.09,4095,5.49,HIGH
30.21,72.98,1732,0.75,LOW
29.17,74.65,2814,1.66,LOW
31.54,89.0,2464,0.71,MEDIUM
30.89,78.48,2255,5.23,MEDIUM
30.35,77.36,1322,0.99,LOW
33.33,93.91,2361,1.69,MEDIUM
30.73,79.47,3342,0.07,MEDIUM
35.17,79.66,1412,1.15,LOW
27.16,88.71,3326,0.71,MEDIUM
32.23,90.91,2979,3.28,MEDIUM
30.14,88.23,3815,0.51,MEDIUM
32.18,88.53,2960,2.22,MEDIUM
29.18,70.19,2474,2.84,LOW
33.13,62.37,2238,9.4,MEDIUM
32.79,63.38,2481,2.27,LOW
31.21,74.75,3919,0.82,MEDIUM
28.69,84.32,3572,0.69,MEDIUM
30.12,82.88,2544,2.51,MEDIUM
28.5,98.0,3018,1.33,MEDIUM
30.15,92.07,2692,6.25,MEDIUM
26.63,79.23,2673,2.37,LOW
27.51,85.85,2565,9.04,MEDIUM
26.98,90.47,500,1.49,LOW
32.11,83.8,2453,1.95,MEDIUM
30.57,87.43,1843,5.1,MEDIUM
26.78,64.21,1588,1.96,LOW
29.48,73.01,2526,5.21,MEDIUM
32.87,70.53,1982,3.88,LOW
29.67,93.26,1895,0.12,LOW
27.31,79.03,3058,1.75,MEDIUM
28.58,81.61,1040,0.33,LOW
30.42,67.42,1712,0.29,LOW
32.54,71.41,1241,2.31,LOW
28.4,85.18,2455,1.38,LOW
25.59,63.51,3130,4.99,LOW
30.74,87.89,2344,3.29,MEDIUM
29.42,77.73,2358,1.7,LOW
26.49,86.85,1763,3.43,LOW
26.73,98.0,3621,3.09,MEDIUM
28.92,81.55,2952,0.83,MEDIUM
26.51,70.56,1456,1.17,LOW
27.16,71.66,1673,1.62,LOW
30.97,81.84,2716,3.43,MEDIUM
31.96,75.25,801,1.16,LOW
30.93,84.28,2294,2.93,MEDIUM
28.09,79.25,1888,2.13,LOW
30.74,86.04,1657,1.71,LOW
27.06,78.25,2787,3.19,LOW
31.45,77.87,3505,0.94,MEDIUM
28.99,77.49,2599,2.65,LOW
34.91,91.67,2674,1.33,MEDIUM
31.77,75.55,1059,0.21,LOW
31.64,80.76,2033,2.62,LOW
30.79,73.65,3211,2.53,MEDIUM
33.21,83.32,2334,2.36,MEDIUM
28.82,91.56,1986,2.07,LOW
28.99,69.76,1936,1.04,LOW
28.1,78.87,2856,0.21,LOW
31.18,80.94,2524,3.15,MEDIUM
28.35,74.32,3576,0.27,MEDIUM
30.26,80.68,2894,2.98,MEDIUM
30.88,73.55,2069,2.73,LOW
33.1,85.19,2555,0.48,MEDIUM
25.55,91.16,1978,0.72,LOW
27.26,70.76,4095,7.99,MEDIUM
32.3,89.76,2032,4.03,MEDIUM
34.48,80.2,2015,0.5,LOW
30.73,71.41,2850,4.1,MEDIUM
30.14,68.2,2741,0.94,LOW
29.35,67.52,2605,8.1,MEDIUM
32.19,78.72,2135,3.69,MEDIUM
29.97,64.42,3011,0.69,LOW
27.87,85.3,4095,0.35,MEDIUM
32.45,74.65,2655,2.23,MEDIUM
27.88,81.31,1898,0.81,LOW
30.54,80.19,3020,1.65,MEDIUM
29.87,98.0,2004,6.61,MEDIUM
27.68,69.37,3172,2.75,LOW
30.07,85.65,1304,1.22,LOW
29.01,90.9,1291,0.62,LOW
31.9,77.89,4095,2.72,MEDIUM
32.65,80.4,3374,7.22,MEDIUM
31.17,78.89,3534,1.84,MEDIUM
31.78,81.32,2767,3.37,MEDIUM
30.98,86.69,2513,2.32,MEDIUM
25.83,77.76,2534,1.27,LOW
28.14,71.21,2870,3.38,LOW
30.08,84.81,2510,0.42,LOW
29.49,91.7,2954,5.98,MEDIUM
31.61,68.42,1343,0.22,LOW
28.55,97.47,2437,2.57,MEDIUM
32.87,83.55,2877,1.9,MEDIUM
28.66,77.39,2952,0.29,LOW
26.8,70.87,2073,8.22,MEDIUM
30.79,69.63,1876,2.05,LOW
28.73,85.61,2953,2.45,MEDIUM
29.47,76.06,1313,2.98,LOW
33.37,76.17,1863,0.3,LOW
30.88,77.17,2047,1.65,LOW
30.92,78.29,2263,3.03,LOW
31.06,72.34,3069,3.14,MEDIUM
26.98,79.32,1931,0.73,LOW
28.67,85.03,1926,3.35,LOW
28.55,76.54,3154,5.63,MEDIUM
31.83,61.18,2406,0.34,LOW
29.63,71.35,3278,0.09,LOW
30.72,82.04,2416,0.82,LOW
30.26,82.15,2625,7.88,MEDIUM
28.64,68.86,4095,4.02,MEDIUM
33.19,97.7,2838,1.11,MEDIUM
33.42,63.84,1953,5.99,LOW
32.65,87.98,2438,0.21,MEDIUM
33.33,79.77,3099,0.94,MEDIUM
28.72,78.77,2141,2.65,LOW
31.37,65.27,1527,5.01,LOW
32.54,73.53,2291,2.53,LOW
33.04,78.63,2350,2.09,MEDIUM
26.88,80.69,2670,2.31,LOW
27.74,82.77,2713,8.09,MEDIUM
32.23,80.66,2251,0.56,LOW
28.06,68.2,2953,0.04,LOW
28.02,64.8,3261,1.05,LOW
28.64,93.51,2081,4.87,MEDIUM
32.29,73.25,3036,4.74,MEDIUM
30.93,72.64,3106,1.23,MEDIUM
29.04,77.77,2765,2.72,MEDIUM
29.83,83.16,2791,1.61,MEDIUM
32.25,96.82,3757,3.34,HIGH
27.9,64.71,2323,2.09,LOW
29.08,85.64,581,1.53,LOW
25.74,68.79,3344,1.83,LOW
31.41,75.34,1054,0.15,LOW
30.82,77.72,1884,7.86,MEDIUM
25.67,84.41,1448,0.86,LOW
29.3,80.61,2824,3.72,MEDIUM
24.11,90.12,2479,4.43,MEDIUM
28.68,70.06,2756,1.75,LOW
30.92,85.47,3178,0.36,MEDIUM
26.03,75.41,2926,0.68,LOW
26.56,58.66,2051,1.33,LOW
30.78,81.02,2205,1.86,LOW
27.77,81.72,2259,0.35,LOW
29.14,84.69,2363,1.87,LOW
31.22,92.66,2401,3.03,MEDIUM
33.47,98.0,2845,4.52,MEDIUM
28.65,77.93,1594,3.69,LOW
31.42,86.47,2317,0.74,LOW
34.61,83.86,3041,2.73,MEDIUM
30.75,89.08,4095,0.9,MEDIUM
29.87,70.66,2576,5.06,MEDIUM
28.0,86.95,2995,2.78,MEDIUM
31.98,81.63,2787,2.79,MEDIUM
29.55,68.22,2338,7.44,MEDIUM
32.18,75.75,1759,1.2,LOW
33.47,67.19,3337,1.06,MEDIUM
28.86,66.88,2112,1.1,LOW
30.28,76.52,2162,1.88,LOW
30.44,80.19,3518,4.5,MEDIUM
31.24,88.21,1110,1.15,LOW
30.37,82.29,2550,5.54,MEDIUM
27.17,84.35,3295,2.58,MEDIUM
29.71,82.58,2375,1.58,LOW
30.09,84.98,2269,2.54,LOW
29.99,80.45,1159,5.38,LOW
27.92,78.07,2730,3.3,MEDIUM
28.15,69.47,2126,4.42,LOW
31.39,77.66,1723,9.61,MEDIUM
25.09,64.2,3559,1.76,LOW
31.14,66.25,3174,3.28,MEDIUM
29.51,86.08,2606,3.03,MEDIUM
29.87,87.72,1512,1.39,LOW
26.63,69.13,2887,0.52,LOW
29.46,70.66,3106,8.47,MEDIUM
28.96,78.95,926,0.38,LOW
32.86,93.38,2243,4.98,MEDIUM
34.53,85.02,3047,5.9,MEDIUM
30.06,84.08,1189,5.39,LOW
35.01,82.33,3969,4.25,HIGH
31.83,79.03,2734,8.9,MEDIUM
29.96,73.89,1733,0.75,LOW
31.94,77.32,2765,2.79,MEDIUM
30.29,90.24,3800,0.86,MEDIUM
31.71,78.38,3054,0.35,MEDIUM
32.92,97.57,3313,1.0,MEDIUM
28.74,95.24,1212,5.21,LOW
29.1,76.51,2787,1.41,LOW
32.65,72.15,2019,0.75,LOW
28.39,65.44,2125,1.87,LOW
26.96,89.66,2483,7.49,MEDIUM
28.56,73.76,2183,6.0,LOW
30.02,77.21,2526,5.16,MEDIUM
30.76,91.61,2360,2.48,MEDIUM
31.66,73.07,3968,5.02,MEDIUM
31.89,85.38,3308,1.9,MEDIUM
30.42,80.81,2732,1.02,LOW
32.58,71.11,2857,1.23,LOW
25.68,68.03,2033,3.35,LOW
30.03,91.32,2370,0.95,MEDIUM
28.02,69.49,3067,4.36,MEDIUM
29.47,86.77,3648,5.92,MEDIUM
32.59,80.72,3715,4.94,MEDIUM
28.03,76.89,1528,3.17,LOW
31.66,87.83,2511,0.4,MEDIUM
28.28,68.86,2771,0.33,LOW
30.75,89.99,2794,7.2,MEDIUM
27.68,82.26,1834,1.3,LOW
31.08,66.16,1647,1.77,LOW
34.13,74.12,3634,2.29,MEDIUM
31.26,92.27,2688,0.48,MEDIUM
28.44,91.3,2685,1.14,MEDIUM
29.64,81.18,2064,2.38,LOW
30.67,76.24,2966,0.66,LOW
30.79,98.0,2508,2.88,MEDIUM
30.54,81.55,2495,3.48,MEDIUM
28.18,98.0,2432,8.96,MEDIUM
31.89,86.67,3739,3.32,MEDIUM
26.55,74.16,2552,2.37,LOW
29.31,86.54,2754,4.69,MEDIUM
30.3,78.24,3333,0.75,MEDIUM
31.57,70.4,2539,5.83,MEDIUM
28.11,90.9,2605,0.35,LOW
31.27,85.85,2068,3.04,MEDIUM
33.8,77.09,2693,6.1,MEDIUM
28.52,83.38,1973,1.44,LOW
31.44,70.61,3353,4.91,MEDIUM
29.59,76.69,1901,0.22,LOW
33.05,90.94,2655,3.13,MEDIUM
26.52,84.69,2622,0.25,LOW
28.79,79.31,2494,3.28,LOW
27.25,77.9,2623,1.83,LOW
26.26,65.55,1264,0.97,LOW
32.64,76.51,1377,1.95,LOW
30.64,88.13,3222,4.9,MEDIUM
30.68,73.45,2117,6.43,MEDIUM
31.59,86.86,1183,0.7,LOW
26.31,93.14,3240,5.3,MEDIUM
30.82,70.03,2322,3.08,LOW
28.17,78.14,2989,1.07,LOW
27.39,80.95,3149,5.15,MEDIUM
26.6,86.38,1693,5.94,LOW
27.96,86.84,3568,3.79,MEDIUM
25.91,81.33,1936,5.8,LOW
28.69,63.48,3368,2.05,LOW
27.94,66.87,2445,1.14,LOW
31.3,97.32,2707,2.0,MEDIUM
34.86,78.19,2692,1.29,MEDIUM
27.32,86.1,2763,2.13,MEDIUM
31.83,97.06,2310,4.21,MEDIUM
28.4,74.46,2210,1.75,LOW
29.11,83.0,2341,0.42,LOW
29.32,72.23,2734,2.71,LOW
29.71,76.92,2973,0.42,LOW
31.06,76.5,2808,3.09,MEDIUM
27.13,82.99,2554,6.06,MEDIUM
32.57,81.22,1839,2.66,LOW
27.06,78.09,3305,0.17,LOW
31.33,70.74,614,1.47,LOW
27.31,86.75,3002,1.11,MEDIUM
32.12,78.2,2635,11.16,MEDIUM
30.03,71.16,2328,2.46,LOW
29.24,73.92,2891,1.43,LOW
34.83,92.01,2252,2.76,MEDIUM
29.53,84.92,1829,0.52,LOW
28.71,88.72,2766,1.96,MEDIUM
30.45,95.46,2451,3.23,MEDIUM
31.44,94.73,3193,3.04,MEDIUM
31.08,82.9,1713,2.13,LOW
32.26,78.98,2367,6.68,MEDIUM
31.48,92.01,2359,1.22,MEDIUM
27.3,70.48,1217,7.69,LOW
29.1,78.61,2053,3.6,LOW
29.8,71.31,4095,1.66,MEDIUM
32.03,78.63,2438,4.37,MEDIUM
27.23,73.21,2467,0.54,LOW
30.07,69.08,500,4.82,LOW
31.02,91.83,3626,2.39,MEDIUM
26.77,65.46,2082,4.81,LOW
29.93,70.26,3053,0.86,LOW
30.21,78.42,2526,1.89,LOW
29.23,87.61,2092,1.01,LOW
29.59,81.16,3670,1.27,MEDIUM
28.57,82.27,2364,6.98,MEDIUM
27.32,91.97,2069,2.59,LOW
29.75,76.35,2590,2.77,LOW
30.25,79.88,2804,1.69,MEDIUM
27.73,66.51,2697,0.43,LOW
30.11,61.02,2718,1.15,LOW
27.96,87.08,4010,1.04,MEDIUM
32.65,75.13,1522,5.53,LOW
36.0,82.94,3015,2.23,MEDIUM
29.02,79.86,2651,7.59,MEDIUM
33.71,66.3,1551,3.03,LOW
27.79,88.27,3050,2.22,MEDIUM
29.31,64.44,2225,3.19,LOW
24.0,68.65,3298,3.35,LOW
28.56,82.52,2030,0.1,LOW
31.29,94.93,3765,9.16,HIGH
27.95,85.37,2031,1.31,LOW
31.37,75.89,1481,2.46,LOW
30.74,77.67,2915,2.62,MEDIUM
31.06,74.45,1674,1.21,LOW
30.35,77.67,2178,3.49,LOW
28.97,86.45,1897,3.67,LOW
31.31,72.41,3320,1.77,MEDIUM
31.59,96.21,2283,1.11,MEDIUM
26.81,84.5,3017,5.7,MEDIUM
30.96,69.3,2377,2.49,LOW
26.35,71.88,3060,5.04,MEDIUM
32.79,87.83,2382,0.94,MEDIUM
27.05,81.24,2494,0.68,LOW
29.39,64.26,1862,3.2,LOW
30.82,71.72,2708,6.86,MEDIUM
29.0,71.88,1648,1.15,LOW
31.82,67.75,2697,3.02,LOW
29.14,85.01,3608,0.9,MEDIUM
28.16,88.72,2759,9.33,MEDIUM
30.67,78.86,2064,1.75,LOW
29.64,80.01,2967,3.83,MEDIUM
29.79,88.05,1143,0.21,LOW
32.34,78.38,3159,2.53,MEDIUM
26.84,85.29,2587,8.73,MEDIUM
30.59,75.3,2749,0.41,LOW
29.62,79.97,1354,8.05,MEDIUM
33.4,98.0,1819,6.64,MEDIUM
30.8,90.27,1613,0.29,LOW
28.28,93.62,3527,1.89,MEDIUM
30.3,79.31,4009,2.57,MEDIUM
30.94,85.3,1383,2.94,LOW
31.17,63.96,1911,0.78,LOW
29.09,72.21,2656,8.73,MEDIUM
29.61,78.03,1655,3.44,LOW
27.78,71.31,1746,0.06,LOW
30.82,69.11,2371,0.8,LOW
28.76,76.91,2884,0.14,LOW
27.68,88.84,3248,4.01,MEDIUM
30.22,81.09,3361,10.71,HIGH
31.09,70.28,2821,6.25,MEDIUM
29.52,77.73,1571,1.04,LOW
31.56,67.25,2743,1.18,LOW
28.4,74.32,1062,3.3,LOW
29.07,67.62,3093,1.24,LOW
32.09,92.84,951,0.88,LOW
28.47,65.5,3839,5.95,MEDIUM
32.36,71.94,4095,1.08,MEDIUM
33.6,80.95,2661,0.78,MEDIUM
31.41,72.1,3020,3.96,MEDIUM
30.63,98.0,3113,4.13,MEDIUM
29.2,83.33,1910,2.59,LOW
32.44,76.97,2754,3.5,MEDIUM
31.4,82.15,3441,2.39,MEDIUM
28.12,80.67,2623,2.47,LOW
28.56,87.33,3090,4.08,MEDIUM
31.84,66.5,3142,0.38,LOW
29.97,86.66,1871,1.81,LOW
34.56,75.86,1932,1.85,LOW
30.43,81.74,2208,1.47,LOW
28.96,82.54,2245,4.5,MEDIUM
33.45,90.26,2588,0.06,MEDIUM
31.59,79.67,2018,3.42,LOW
30.03,89.17,2553,1.27,MEDIUM
30.36,68.75,3910,3.17,MEDIUM
29.51,85.18,2575,1.84,MEDIUM
29.75,79.08,3816,0.68,MEDIUM
29.65,72.56,3077,0.36,LOW
32.79,75.56,3822,7.49,HIGH
28.69,79.17,1959,0.17,LOW
30.37,69.75,2994,3.05,MEDIUM
27.68,66.16,3286,0.97,LOW
34.48,66.58,2797,2.93,MEDIUM
30.79,84.76,1881,1.31,LOW
26.22,89.24,2075,5.48,MEDIUM
25.99,74.64,2067,4.82,LOW
28.19,91.83,2407,1.24,LOW
34.19,77.85,2512,5.75,MEDIUM
30.39,72.07,2533,1.88,LOW
28.89,68.72,4094,0.26,MEDIUM
32.47,74.92,2793,1.01,MEDIUM
31.96,69.48,2993,0.74,LOW
29.12,86.96,2262,1.55,LOW
30.4,88.69,1117,0.92,LOW
27.99,85.56,2884,0.47,LOW
26.97,82.59,3342,2.11,MEDIUM
27.89,88.23,2171,2.67,LOW
33.28,72.68,2250,0.33,LOW
27.84,52.33,3737,0.99,LOW
32.81,87.68,4095,1.64,MEDIUM
25.48,90.9,1417,1.9,LOW
26.26,77.02,3780,3.13,MEDIUM
32.66,83.89,3257,1.06,MEDIUM
29.36,76.02,2201,5.9,MEDIUM
29.19,64.5,2033,3.26,LOW
34.15,88.02,2025,1.32,MEDIUM
31.3,66.27,1989,2.26,LOW
29.99,96.17,2371,4.28,MEDIUM
31.58,80.83,3198,2.33,MEDIUM
27.49,71.54,2421,0.22,LOW
28.88,76.34,1555,2.57,LOW
30.46,82.34,797,2.68,LOW
28.74,86.09,2013,3.07,LOW
31.19,76.06,1971,3.3,LOW
26.4,81.41,2002,1.97,LOW
34.26,77.93,2216,3.85,MEDIUM
28.2,77.83,2181,2.45,LOW
27.63,74.73,4095,0.45,MEDIUM
30.31,83.85,857,1.34,LOW
31.42,84.3,3712,2.28,MEDIUM
28.01,92.59,2627,1.49,MEDIUM
29.49,89.57,3807,11.26,HIGH
28.82,76.48,2806,4.5,MEDIUM
26.51,62.51,2189,3.3,LOW
29.45,70.2,1336,0.64,LOW
29.95,71.28,2828,3.0,MEDIUM
30.31,73.54,2072,1.9,LOW
28.67,76.66,2057,0.58,LOW
30.71,88.1,2124,3.34,MEDIUM
29.39,89.54,1386,4.13,LOW
33.49,91.75,1870,0.37,LOW
29.58,82.58,2319,0.89,LOW
30.65,87.63,2336,1.82,MEDIUM
30.7,78.41,1040,2.43,LOW
28.92,84.52,2553,3.08,MEDIUM
31.05,74.85,4095,2.82,MEDIUM
33.1,79.34,2864,0.61,MEDIUM
33.58,74.29,3207,1.49,MEDIUM
28.59,74.6,1352,1.99,LOW
28.61,81.92,2462,5.07,MEDIUM
29.72,74.49,2850,2.36,MEDIUM
30.27,85.65,4095,1.77,MEDIUM
27.34,77.64,3656,4.53,MEDIUM
26.5,77.88,3774,2.23,MEDIUM
30.5,80.97,2192,4.32,MEDIUM
29.77,67.09,1963,0.82,LOW
30.5,84.35,2647,4.37,MEDIUM
